	model	acc	diff	expected	unexpected	macrodiff
0	distilbert/distilgpt2	0.3	-0.14200299102813005	11.355945130996407	11.497948122024535	-0.14200299102812863
